{"stats":{"minecraft:used":{"create:deployer":27,"minecraft:poppy":1,"minecraft:chest":54,"minecraft:iron_sword":131,"minecraft:iron_chestplate":1,"create:minecart_contraption":4,"create:white_sail":72,"create:cogwheel":61,"minecraft:obsidian":29,"minecraft:furnace_minecart":4,"ecologics:prickly_pear":7,"minecraft:azure_bluet":1,"minecraft:bricks":2,"minecraft:birch_sapling":3,"minecraft:iron_helmet":1,"create:millstone":2,"create:mechanical_drill":80,"create:shaft":15,"minecraft:oak_sapling":72,"minecraft:furnace":2,"minecraft:oak_planks":47,"minecraft:stone_pickaxe":514,"minecraft:wooden_pickaxe":12,"minecraft:sandstone":5,"minecraft:diamond_axe":532,"minecraft:large_amethyst_bud":5,"minecraft:glow_berries":92,"minecraft:sand":12,"minecraft:blast_furnace":2,"minecraft:mushroom_stew":30,"minecraft:lever":16,"minecraft:bread":232,"minecraft:red_terracotta":12,"minecraft:gravel":102,"minecraft:diamond_ore":1,"create:andesite_casing":4,"create:white_seat":2,"minecraft:fire_charge":1,"create:basin":1,"minecraft:diamond_sword":48,"minecraft:andesite":4,"minecraft:birch_log":13,"create:vertical_gearbox":6,"minecraft:oak_boat":2,"minecraft:bone_meal":12,"create:large_cogwheel":29,"create:framed_glass":64,"minecraft:stripped_acacia_wood":2,"minecraft:oak_trapdoor":2,"tacz:gun_smith_table":2,"minecraft:spruce_planks":5,"minecraft:netherrack":452,"minecraft:torch":227,"minecraft:dirt":184,"create:andesite_door":3,"create:mechanical_mixer":2,"minecraft:hopper":3,"create:mechanical_plough":2,"projectvibrantjourneys:fallen_leaves":1,"create:wrench":391,"minecraft:oak_stairs":5,"minecraft:iron_boots":1,"create:cart_assembler":17,"minecraft:soul_soil":2,"minecraft:minecart":1,"minecraft:cooked_beef":88,"minecraft:cobbled_deepslate":15,"minecraft:cooked_mutton":2,"minecraft:water_bucket":110,"minecraft:andesite_slab":66,"minecraft:stonecutter":1,"minecraft:green_bed":1,"create:blaze_burner":1,"create:furnace_minecart_contraption":65,"minecraft:rail":150,"minecraft:mossy_cobblestone":1,"minecraft:terracotta":2,"create:encased_fan":1,"minecraft:crafting_table":6,"minecraft:red_bed":1,"minecraft:white_bed":4,"minecraft:oak_log":67,"create:linear_chassis":327,"minecraft:diamond_pickaxe":2258,"minecraft:apple":1,"supplementaries:cage":99,"minecraft:diamond_shovel":140,"create:mechanical_press":2,"create:windmill_bearing":2,"minecraft:oak_button":1,"minecraft:iron_pickaxe":329,"minecraft:cobblestone":472,"minecraft:cooked_porkchop":12,"minecraft:bucket":113,"create:hand_crank":5},"minecraft:custom":{"minecraft:interact_with_crafting_table":161,"minecraft:open_barrel":89,"goblintraders:trade_with_goblin":501,"minecraft:leave_game":21,"minecraft:time_since_death":720637,"minecraft:sprint_one_cm":2863529,"minecraft:drop":992,"minecraft:talked_to_villager":3,"minecraft:play_time":1523094,"minecraft:deaths":10,"minecraft:jump":17235,"minecraft:walk_on_water_one_cm":244289,"minecraft:interact_with_furnace":101,"minecraft:sleep_in_bed":19,"minecraft:damage_dealt":12886,"minecraft:crouch_one_cm":87022,"minecraft:mob_kills":260,"minecraft:inspect_hopper":7,"minecraft:damage_dealt_resisted":3942,"minecraft:climb_one_cm":16032,"minecraft:walk_one_cm":3730628,"minecraft:damage_dealt_absorbed":281,"minecraft:sneak_time":43145,"minecraft:walk_under_water_one_cm":241182,"minecraft:boat_one_cm":60831,"minecraft:interact_with_blast_furnace":44,"minecraft:total_world_time":1523094,"minecraft:interact_with_stonecutter":5,"minecraft:time_since_rest":260847,"minecraft:damage_taken":22214,"minecraft:swim_one_cm":227194,"minecraft:fly_one_cm":2962521,"minecraft:open_chest":914,"minecraft:fall_one_cm":514209},"minecraft:killed":{"minecraft:zombified_piglin":5,"minecraft:spider":9,"alexsmobs:murmur":1,"minecraft:skeleton":49,"minecraft:guardian":3,"minecraft:silverfish":1,"artifacts:mimic":4,"minecraft:piglin":3,"minecraft:pig":12,"minecraft:zombie_villager":1,"minecraft:iron_golem":1,"mutantmonsters:mutant_skeleton":1,"minecraft:creeper":17,"alexsmobs:crimson_mosquito":3,"minecraft:sheep":4,"minecraft:trader_llama":1,"minecraft:pillager":1,"minecraft:zombie":53,"minecraft:ghast":2,"minecraft:cow":10,"alexsmobs:tarantula_hawk":1,"dweller_dweller:dweller_dweller":1,"alexsmobs:rattlesnake":4,"minecraft:phantom":23,"alexsmobs:bison":4,"minecraft:drowned":7,"minecraft:husk":12,"minecraft:bat":1,"mutantmonsters:creeper_minion":3,"minecraft:wither_skeleton":1,"minecraft:enderman":5},"minecraft:broken":{"mutantmonsters:mutant_skeleton_skull":1,"minecraft:iron_boots":2,"minecraft:stone_pickaxe":4,"minecraft:iron_helmet":2},"minecraft:picked_up":{"minecraft:iron_chestplate":6,"minecraft:wheat":1,"minecraft:lead":9,"minecraft:diamond_sword":6,"minecraft:oak_stairs":5,"create:wrench":6,"minecraft:gilded_blackstone":5,"create:furnace_minecart_contraption":4,"minecraft:string":42,"minecraft:raw_copper":268,"minecraft:soul_soil":11,"mutantmonsters:mutant_skeleton_skull":1,"create:limestone":12,"minecraft:iron_leggings":6,"create:cart_assembler":7,"minecraft:smooth_stone":8,"minecraft:gold_nugget":9,"minecraft:cobbled_deepslate":23,"minecraft:bucket":1,"minecraft:spruce_planks":5,"minecraft:white_tulip":5,"minecraft:rose_bush":26,"minecraft:calcite":1,"minecraft:iron_pickaxe":3,"alexsmobs:raccoon_tail":1,"minecraft:coal_block":7,"minecraft:iron_boots":7,"minecraft:furnace":3,"minecraft:stick":91,"create:mechanical_mixer":1,"create:dough":16,"minecraft:torch":273,"minecraft:green_bed":1,"create:andesite_casing":29,"minecraft:porkchop":21,"psg:sulphur":103,"tacz:attachment":18,"minecraft:diorite":2,"mutantmonsters:mutant_skeleton_pelvis":1,"create:large_cogwheel":4,"minecraft:honey_bottle":1,"minecraft:rotten_flesh":40,"minecraft:polished_basalt":8,"minecraft:red_tulip":16,"supplementaries:ash":32,"minecraft:snowball":2,"minecraft:obsidian":52,"minecraft:iron_bars":32,"minecraft:cobblestone":7073,"minecraft:birch_log":14,"minecraft:furnace_minecart":5,"minecraft:magma_block":50,"minecraft:cooked_beef":15,"minecraft:water_bucket":6,"minecraft:andesite":203,"projectvibrantjourneys:fallen_leaves":15,"artifacts:thorn_pendant":5,"alexsmobs:bison_fur":1,"minecraft:flint":21,"create:raw_zinc":130,"supplementaries:flax_seeds":2,"minecraft:lapis_lazuli":71,"minecraft:dirt":1968,"create:mechanical_plough":1,"tacz:ammo_box":22,"minecraft:bone":79,"minecraft:wheat_seeds":87,"minecraft:orange_tulip":16,"minecraft:raw_gold":33,"create:mechanical_drill":31,"minecraft:grindstone":1,"create:shaft":8,"minecraft:glowstone_dust":30,"tacz:gun_smith_table":1,"minecraft:oak_planks":180,"create:super_glue":1,"psg:raw_potassium":26,"ecologics:prickly_pear":7,"create:cogwheel":8,"minecraft:stripped_acacia_wood":2,"minecraft:sand":6219,"sophisticatedbackpacks:iron_backpack":1,"minecraft:red_terracotta":13,"minecraft:mossy_cobblestone":8,"minecraft:diamond":29,"artifacts:golden_hook":1,"artifacts:crystal_heart":6,"minecraft:lever":14,"alexsmobs:rattlesnake_rattle":5,"alexsmobs:tarantula_hawk_wing_fragment":4,"minecraft:bread":468,"minecraft:oak_sapling":55,"minecraft:netherrack":1705,"minecraft:bricks":2,"minecraft:andesite_slab":153,"create:white_sail":32,"minecraft:diamond_pickaxe":8,"minecraft:crafting_table":4,"minecraft:allium":5,"minecraft:azure_bluet":11,"minecraft:clay_ball":855,"minecraft:brown_mushroom":40,"minecraft:cornflower":25,"minecraft:red_bed":1,"minecraft:flint_and_steel":2,"artifacts:feral_claws":6,"tacz:ammo":8100,"minecraft:iron_shovel":1,"minecraft:beef":47,"minecraft:oak_boat":2,"create:white_seat":2,"projectvibrantjourneys:sandy_sprouts":1,"minecraft:iron_nugget":8,"minecraft:poppy":4,"supplementaries:cage":47,"minecraft:chest":12,"minecraft:birch_sapling":4,"create:linear_chassis":70,"minecraft:phantom_membrane":1,"minecraft:raw_iron":167,"minecraft:sandstone":12513,"create:golden_sheet":3,"minecraft:copper_ingot":1,"projectvibrantjourneys:bark_mushroom":4,"sophisticatedbackpacks:backpack":7,"minecraft:fire_charge":2,"pointblank:gunmetal_nugget":131,"create:hand_crank":4,"minecraft:redstone":163,"create:vertical_gearbox":1,"minecraft:arrow":33,"minecraft:diamond_boots":1,"minecraft:gold_ingot":18,"minecraft:glistering_melon_slice":4,"minecraft:glow_berries":1,"minecraft:mutton":8,"minecraft:rail":174,"minecraft:skeleton_skull":1,"minecraft:white_wool":4,"minecraft:oxeye_daisy":16,"create:iron_sheet":28,"create:brass_sheet":8,"minecraft:basalt":18,"minecraft:leather":9,"minecraft:red_mushroom":37,"minecraft:crimson_fungus":1,"minecraft:oak_log":309,"create:andesite_alloy":24,"minecraft:lily_pad":2,"minecraft:gunpowder":93,"alexsmobs:mosquito_proboscis":1,"projectvibrantjourneys:sea_oats":1,"mutantmonsters:mutant_skeleton_limb":2,"minecraft:apple":8,"minecraft:iron_ingot":75,"minecraft:dark_oak_stairs":4,"projectvibrantjourneys:light_brown_bark_mushroom":4,"minecraft:smooth_basalt":25,"minecraft:dandelion":29,"minecraft:quartz":33,"minecraft:gravel":1056,"minecraft:blast_furnace":1,"minecraft:white_bed":4,"minecraft:spider_eye":1,"create:wheat_flour":57,"minecraft:diamond_shovel":2,"minecraft:slime_ball":2,"create:brass_ingot":13,"tacz:modern_kinetic_gun":9,"minecraft:iron_helmet":7,"minecraft:diamond_axe":5,"minecraft:oak_button":1,"minecraft:terracotta":4,"projectvibrantjourneys:orange_bark_mushroom":4,"minecraft:coal":335,"minecraft:hopper":3,"minecraft:ender_pearl":2},"minecraft:dropped":{"sophisticatedbackpacks:iron_backpack":1,"minecraft:soul_sand":3,"minecraft:brown_mushroom":10,"minecraft:dark_oak_stairs":5,"minecraft:cooked_beef":9,"minecraft:oak_log":45,"projectvibrantjourneys:sandy_sprouts":1,"minecraft:orange_tulip":16,"minecraft:glow_berries":1,"create:cogwheel":2,"minecraft:leather":8,"minecraft:rail":31,"projectvibrantjourneys:orange_bark_mushroom":4,"alexsmobs:bison_fur":1,"minecraft:red_mushroom":7,"minecraft:flint":2,"minecraft:dirt":3188,"create:linear_chassis":33,"minecraft:cornflower":25,"projectvibrantjourneys:fallen_leaves":14,"minecraft:snowball":2,"minecraft:gilded_blackstone":5,"minecraft:phantom_membrane":1,"minecraft:sand":7419,"minecraft:sugar":16,"minecraft:iron_pickaxe":2,"minecraft:dark_oak_planks":2,"minecraft:birch_log":4,"alexsmobs:raccoon_tail":1,"projectvibrantjourneys:bark_mushroom":4,"minecraft:gold_ingot":15,"minecraft:bone":9,"minecraft:gravel":348,"minecraft:white_tulip":5,"minecraft:crimson_fungus":1,"mutantmonsters:mutant_skeleton_pelvis":1,"minecraft:cobbled_deepslate":7,"minecraft:wheat":138,"minecraft:birch_sapling":1,"minecraft:obsidian":3,"minecraft:rotten_flesh":15,"minecraft:oak_planks":1,"psg:raw_potassium":12,"minecraft:azure_bluet":5,"minecraft:honey_bottle":1,"projectvibrantjourneys:sea_oats":1,"minecraft:poppy":3,"projectvibrantjourneys:light_brown_bark_mushroom":4,"supplementaries:flax_seeds":2,"minecraft:gunpowder":5,"minecraft:skeleton_skull":1,"create:wrench":3,"minecraft:chest":5,"create:limestone":12,"create:brass_ingot":21,"create:wheat_flour":73,"minecraft:basalt":4,"minecraft:iron_bars":24,"minecraft:arrow":6,"minecraft:quartz":7,"minecraft:netherrack":69,"alexsmobs:mosquito_proboscis":1,"tacz:attachment":14,"minecraft:water_bucket":3,"minecraft:iron_ingot":19,"minecraft:bread":68,"minecraft:oak_slab":1,"minecraft:wheat_seeds":89,"minecraft:mossy_cobblestone":5,"minecraft:iron_helmet":2,"minecraft:cobblestone":13679,"minecraft:lead":5,"alexsmobs:rattlesnake_rattle":5,"minecraft:copper_ingot":21,"minecraft:coal":14,"minecraft:stick":2,"create:andesite_casing":8,"minecraft:oxeye_daisy":16,"tacz:ammo_box":13,"minecraft:diorite":2,"create:blaze_burner":1,"minecraft:torch":23,"minecraft:rose_bush":26,"minecraft:iron_leggings":1,"minecraft:oak_stairs":1,"tacz:modern_kinetic_gun":4,"minecraft:polished_basalt":16,"minecraft:iron_shovel":1,"minecraft:string":28,"create:mechanical_drill":12,"minecraft:lily_pad":2,"minecraft:bucket":1,"minecraft:dandelion":19,"minecraft:moss_carpet":1,"minecraft:soul_soil":1,"minecraft:stone_sword":1,"minecraft:bowl":4,"alexsmobs:tarantula_hawk_wing_fragment":4,"minecraft:raw_iron":4,"minecraft:iron_boots":2,"sophisticatedbackpacks:backpack":1,"artifacts:golden_hook":1,"pointblank:gunmetal_nugget":53,"supplementaries:cage":5,"minecraft:diamond_sword":1,"minecraft:oak_button":1,"minecraft:allium":10,"create:zinc_ingot":20,"minecraft:diamond_pickaxe":2,"mutantmonsters:mutant_skeleton_limb":2,"minecraft:iron_chestplate":3,"minecraft:oak_sapling":11,"create:hand_crank":1,"minecraft:light_gray_dye":1,"minecraft:spider_eye":1,"tacz:ammo":300,"minecraft:diamond_boots":1,"minecraft:slime_ball":1,"minecraft:sandstone":7971,"minecraft:wooden_pickaxe":1,"minecraft:red_tulip":16,"ecologics:seashell":1,"minecraft:calcite":1,"minecraft:magma_block":50,"create:empty_blaze_burner":2,"minecraft:terracotta":2},"minecraft:crafted":{"minecraft:smooth_stone":3,"minecraft:oak_planks":588,"minecraft:stone":6,"minecraft:lever":1,"minecraft:diamond_shovel":2,"create:deployer":2,"minecraft:cooked_mutton":2,"create:vertical_gearbox":1,"minecraft:glass":48,"minecraft:iron_boots":1,"minecraft:raw_copper":252,"create:cart_assembler":1,"create:mechanical_press":1,"minecraft:chest":47,"minecraft:oak_button":1,"minecraft:copper_block":13,"create:cogwheel":25,"create:brass_hand":2,"minecraft:raw_iron_block":13,"minecraft:oak_slab":36,"create:rose_quartz":2,"minecraft:cooked_porkchop":12,"minecraft:diamond_axe":1,"minecraft:crafting_table":3,"tacz:ammo_box":11,"minecraft:wooden_pickaxe":1,"minecraft:iron_helmet":1,"minecraft:raw_gold_block":3,"create:zinc_nugget":180,"supplementaries:cage":9,"minecraft:copper_ingot":779,"create:sand_paper":1,"minecraft:gold_block":15,"create:mechanical_mixer":1,"create:gearbox":1,"create:encased_fan":1,"minecraft:iron_chestplate":2,"minecraft:diamond_pickaxe":1,"create:super_glue":1,"minecraft:stick":64,"minecraft:iron_ingot":571,"minecraft:iron_pickaxe":3,"minecraft:iron_block":15,"minecraft:stone_sword":1,"minecraft:gold_ingot":120,"create:large_cogwheel":8,"create:propeller":1,"create:empty_blaze_burner":4,"minecraft:oak_door":3,"minecraft:redstone":18,"minecraft:raw_iron":72,"minecraft:coal":54,"create:wrench":1,"minecraft:iron_nugget":504,"create:white_sail":42,"psg:sulphur_sack":10,"minecraft:blast_furnace":1,"minecraft:mushroom_stew":30,"minecraft:bone_meal":12,"minecraft:raw_copper_block":36,"minecraft:oak_trapdoor":2,"minecraft:slime_ball":2,"create:millstone":1,"minecraft:stone_pickaxe":4,"minecraft:redstone_block":18,"create:basin":1,"create:electron_tube":2,"create:windmill_bearing":2,"minecraft:minecart":1,"minecraft:wheat":72,"minecraft:cooked_beef":43,"minecraft:sugar":16,"minecraft:coal_block":11,"create:andesite_door":1,"create:andesite_alloy":342,"create:hand_crank":1,"minecraft:diamond_sword":1,"minecraft:iron_sword":1,"minecraft:bowl":8,"better_mob_food:cooked_flesh":6,"tacz:gun_smith_table":1,"minecraft:bucket":2,"minecraft:air":0,"create:raw_zinc_block":14,"minecraft:oak_boat":1,"create:whisk":1,"minecraft:white_wool":10,"minecraft:raw_gold":9,"minecraft:gunpowder":64,"create:linear_chassis":192,"create:raw_zinc":36,"minecraft:oak_stairs":4,"minecraft:iron_leggings":2,"minecraft:stonecutter":1,"create:mechanical_drill":24,"create:shaft":40,"minecraft:torch":96,"create:zinc_ingot":40},"minecraft:mined":{"minecraft:large_amethyst_bud":5,"create:deepslate_zinc_ore":75,"minecraft:spruce_planks":2,"minecraft:white_bed":3,"minecraft:oak_sapling":6,"create:andesite_casing":29,"minecraft:brewing_stand":1,"minecraft:obsidian":12,"minecraft:cave_vines_plant":1,"minecraft:grass_block":79,"minecraft:coal_block":7,"minecraft:soul_soil":11,"minecraft:hopper":1,"tacz:gun_smith_table":1,"ecologics:prickly_pear":3,"minecraft:spawner":6,"minecraft:gilded_blackstone":1,"minecraft:smooth_stone":8,"minecraft:magma_block":55,"minecraft:glowstone":13,"minecraft:iron_ore":103,"minecraft:fire":31,"minecraft:cobbled_deepslate":2,"minecraft:deepslate_lapis_ore":3,"minecraft:azure_bluet":2,"minecraft:red_tulip":16,"minecraft:cave_vines":6,"minecraft:oak_stairs":4,"minecraft:iron_bars":18,"minecraft:green_bed":1,"minecraft:deepslate_redstone_ore":32,"create:cogwheel":4,"minecraft:brown_mushroom":35,"minecraft:crimson_nylium":6,"minecraft:soul_fire":13,"minecraft:torch":119,"minecraft:blast_furnace":1,"projectvibrantjourneys:twigs":1,"minecraft:poppy":2,"create:framed_glass":3,"minecraft:nether_quartz_ore":18,"minecraft:cobblestone":532,"minecraft:oak_planks":45,"minecraft:bricks":2,"projectvibrantjourneys:fallen_leaves":2,"minecraft:wall_torch":14,"minecraft:seagrass":1,"minecraft:birch_log":13,"create:mechanical_mixer":1,"projectvibrantjourneys:bones":1,"minecraft:orange_tulip":16,"minecraft:grass":32,"minecraft:oak_log":142,"projectvibrantjourneys:short_grass":27,"create:hand_crank":4,"minecraft:dirt":111,"minecraft:sand":14,"minecraft:smooth_basalt":26,"minecraft:netherrack":695,"create:linear_chassis":3,"minecraft:deepslate":18,"psg:nether_sulphur_ore":1,"minecraft:oak_leaves":34,"create:zinc_ore":54,"minecraft:diamond_ore":3,"minecraft:mossy_cobblestone":6,"minecraft:deepslate_diamond_ore":13,"projectvibrantjourneys:rocks":7,"psg:sulphur_ore":11,"minecraft:lever":5,"minecraft:allium":5,"create:large_cogwheel":1,"minecraft:red_mushroom":29,"minecraft:sandstone":1,"minecraft:large_fern":4,"minecraft:redstone_ore":1,"create:shaft":2,"minecraft:furnace":3,"create:white_sail":32,"minecraft:andesite":169,"create:cart_assembler":1,"minecraft:deepslate_iron_ore":32,"minecraft:vine":6,"minecraft:rail":66,"projectvibrantjourneys:seashells":1,"minecraft:white_tulip":5,"minecraft:stone":542,"minecraft:white_wool":1,"create:white_seat":2,"psg:potassium_ore":6,"minecraft:basalt":18,"minecraft:dandelion":7,"psg:deepslate_sulphur_ore":6,"minecraft:crafting_table":4,"minecraft:cornflower":1,"minecraft:rose_bush":13,"minecraft:andesite_slab":78,"minecraft:sculk_sensor":1,"projectvibrantjourneys:mossy_rocks":1,"minecraft:copper_ore":76,"minecraft:tall_grass":25,"minecraft:deepslate_coal_ore":1,"minecraft:lapis_ore":6,"minecraft:deepslate_gold_ore":18,"supplementaries:cage":41,"minecraft:air":1,"supplementaries:urn":18,"minecraft:red_terracotta":13,"minecraft:birch_leaves":8,"create:mechanical_drill":19,"minecraft:coal_ore":125,"minecraft:gravel":191,"minecraft:cobweb":23,"minecraft:terracotta":5,"minecraft:oak_button":1,"minecraft:stripped_acacia_wood":3,"minecraft:gold_ore":8}},"DataVersion":3465}