{"stats":{"minecraft:dropped":{"sophisticatedbackpacks:iron_backpack":1,"create:super_glue":1,"minecraft:brown_mushroom":4,"minecraft:diamond_axe":1,"minecraft:cooked_beef":7,"minecraft:oak_log":95,"minecraft:crafting_table":1,"minecraft:mossy_stone_brick_stairs":1,"minecraft:rail":46,"minecraft:flint":2,"minecraft:red_mushroom":2,"minecraft:dirt":17,"minecraft:cornflower":24,"minecraft:mutton":2,"projectvibrantjourneys:fallen_leaves":2,"minecraft:gold_nugget":11,"minecraft:sand":64,"minecraft:white_wool":1,"minecraft:bone":3,"minecraft:gravel":192,"minecraft:iron_nugget":13,"minecraft:cobbled_deepslate":1,"minecraft:wheat":1,"minecraft:rotten_flesh":16,"minecraft:grindstone":1,"minecraft:azure_bluet":8,"minecraft:poppy":1,"minecraft:gunpowder":53,"minecraft:hopper":2,"minecraft:iron_bars":14,"minecraft:arrow":1,"minecraft:white_concrete_powder":3457,"minecraft:polished_granite":1,"minecraft:enchanted_book":1,"minecraft:iron_ingot":128,"minecraft:bread":189,"minecraft:oak_slab":2,"minecraft:wheat_seeds":42,"minecraft:cobblestone":22,"minecraft:iron_helmet":5,"mutantmonsters:mutant_skeleton_boots":1,"minecraft:granite":3,"minecraft:stick":10,"projectvibrantjourneys:rocks":2,"minecraft:polished_andesite":2,"minecraft:oxeye_daisy":16,"tacz:ammo_box":9,"minecraft:torch":2,"minecraft:white_concrete":2,"minecraft:iron_leggings":3,"tacz:modern_kinetic_gun":4,"minecraft:iron_axe":1,"create:mechanical_plough":2,"create:mechanical_drill":6,"minecraft:string":5,"minecraft:pink_petals":1,"minecraft:bucket":1,"minecraft:dandelion":5,"minecraft:bricks":2,"alexsmobs:maggot":1,"artifacts:kitty_slippers":1,"minecraft:raw_iron":29,"minecraft:iron_boots":3,"sophisticatedbackpacks:backpack":1,"minecraft:ender_eye":1,"pointblank:gunmetal_nugget":7,"minecraft:flint_and_steel":1,"supplementaries:cage":11,"mutantmonsters:mutant_skeleton_chestplate":2,"minecraft:diamond_sword":4,"create:cart_assembler":1,"mutantmonsters:mutant_skeleton_rib_cage":1,"minecraft:diamond_pickaxe":3,"minecraft:iron_chestplate":4,"minecraft:andesite":1,"minecraft:oak_boat":1,"minecraft:oak_sapling":8,"mutantmonsters:mutant_skeleton_leggings":1,"minecraft:golden_sword":1,"minecraft:raw_gold":2,"mutantmonsters:mutant_skeleton_skull":2},"minecraft:broken":{"minecraft:iron_boots":1,"minecraft:stone_pickaxe":1,"minecraft:diamond_shovel":1,"minecraft:wooden_axe":1,"minecraft:iron_helmet":1},"minecraft:mined":{"minecraft:spruce_planks":11,"minecraft:oak_sapling":21,"minecraft:white_bed":6,"create:andesite_casing":3,"minecraft:obsidian":12,"minecraft:granite":3,"minecraft:grass_block":1295,"minecraft:white_concrete":561,"minecraft:coal_block":65,"minecraft:soul_soil":1,"minecraft:composter":7,"minecraft:oxeye_daisy":18,"minecraft:spawner":8,"minecraft:gilded_blackstone":5,"minecraft:smooth_stone":10,"minecraft:glowstone":17,"supplementaries:ash":2,"minecraft:iron_ore":73,"minecraft:fire":23,"minecraft:cobbled_deepslate":1,"minecraft:granite_slab":12,"minecraft:azure_bluet":9,"supplementaries:stick":14,"minecraft:dirt_path":2,"minecraft:green_bed":2,"minecraft:spruce_slab":1,"minecraft:red_bed":3,"minecraft:crimson_nylium":5,"minecraft:blue_stained_glass":5,"minecraft:torch":55,"projectvibrantjourneys:twigs":25,"minecraft:dark_oak_wood":1,"framedblocks:framed_stairs":6,"minecraft:poppy":2,"minecraft:chest":5,"minecraft:cobblestone":645,"minecraft:nether_quartz_ore":36,"minecraft:oak_planks":4,"minecraft:bricks":4,"minecraft:grindstone":1,"projectvibrantjourneys:fallen_leaves":25,"minecraft:wall_torch":5,"minecraft:pink_petals":1,"minecraft:dark_oak_slab":1,"minecraft:nether_wart_block":1,"minecraft:birch_log":45,"minecraft:yellow_wool":9,"mutantmonsters:mutant_skeleton_skull":1,"minecraft:wheat":2,"projectvibrantjourneys:bones":3,"minecraft:stone_brick_stairs":2,"minecraft:grass":1172,"minecraft:oak_log":302,"projectvibrantjourneys:short_grass":220,"minecraft:sand":5,"minecraft:dirt":2066,"minecraft:smooth_basalt":1,"minecraft:netherrack":143,"minecraft:oak_leaves":60,"minecraft:deepslate":17,"minecraft:diamond_ore":2,"minecraft:mossy_cobblestone":1,"minecraft:deepslate_diamond_ore":10,"projectvibrantjourneys:rocks":14,"minecraft:brick_stairs":4,"framedblocks:framed_small_inner_corner_slope_panel":1,"minecraft:white_concrete_powder":3,"minecraft:hay_block":62,"minecraft:oak_trapdoor":3,"minecraft:carrots":43,"minecraft:furnace":1,"framedblocks:framed_wall":4,"minecraft:polished_basalt":1,"minecraft:andesite":1046,"minecraft:gold_block":2,"minecraft:mossy_stone_brick_stairs":1,"minecraft:potatoes":1,"minecraft:shroomlight":5,"minecraft:deepslate_iron_ore":6,"minecraft:vine":2,"minecraft:rail":1,"minecraft:stripped_oak_log":1,"minecraft:bamboo":1,"projectvibrantjourneys:seashells":2,"minecraft:stone":423,"sophisticatedbackpacks:backpack":1,"minecraft:white_wool":9,"minecraft:podzol":1,"minecraft:oak_slab":1,"minecraft:acacia_leaves":2,"minecraft:glass_pane":1,"minecraft:basalt":3,"minecraft:dandelion":9,"minecraft:polished_granite":1,"minecraft:crafting_table":4,"minecraft:cornflower":23,"minecraft:andesite_slab":1,"projectvibrantjourneys:mossy_rocks":3,"minecraft:stone_slab":1,"minecraft:copper_ore":9,"minecraft:tall_grass":335,"framedblocks:framed_vertical_stairs":8,"supplementaries:cage":34,"minecraft:spruce_stairs":2,"supplementaries:urn":1,"create:blaze_burner":1,"minecraft:coarse_dirt":1,"minecraft:ice":1,"minecraft:birch_leaves":27,"minecraft:yellow_bed":3,"minecraft:coal_ore":100,"minecraft:gravel":117,"minecraft:cobweb":2,"minecraft:terracotta":17,"minecraft:polished_andesite":10,"minecraft:stone_bricks":4,"minecraft:gold_ore":6,"minecraft:birch_fence":1},"minecraft:killed":{"minecraft:zombified_piglin":34,"minecraft:spider":5,"minecraft:cod":1,"minecraft:skeleton":29,"artifacts:mimic":1,"minecraft:pig":1,"alexsmobs:grizzly_bear":1,"mutantmonsters:mutant_skeleton":2,"minecraft:creeper":6,"alexsmobs:crimson_mosquito":1,"minecraft:zombie":29,"alexsmobs:fly":1,"mutantmonsters:mutant_creeper":1,"minecraft:cow":18,"minecraft:phantom":26,"minecraft:drowned":1,"minecraft:bat":3,"mutantmonsters:creeper_minion":1,"minecraft:wither_skeleton":1,"minecraft:enderman":1},"minecraft:picked_up":{"minecraft:iron_chestplate":6,"torchmaster:feral_flare_lantern":2,"minecraft:prismarine_shard":1,"minecraft:yellow_wool":9,"minecraft:lead":1,"minecraft:diamond_sword":7,"minecraft:enchanted_book":2,"minecraft:stone_brick_stairs":2,"minecraft:golden_sword":2,"minecraft:string":27,"mutantmonsters:mutant_skeleton_skull":4,"minecraft:soul_soil":1,"minecraft:raw_copper":27,"minecraft:iron_leggings":5,"minecraft:shroomlight":4,"minecraft:smooth_stone":87,"alexsmobs:blood_sac":9,"create:cart_assembler":1,"minecraft:gold_nugget":11,"minecraft:cobbled_deepslate":39,"minecraft:bucket":5,"minecraft:spruce_planks":21,"framedblocks:framed_vertical_stairs":8,"minecraft:ender_eye":2,"minecraft:iron_pickaxe":6,"minecraft:coal_block":82,"framedblocks:framed_wall":72,"minecraft:iron_boots":8,"minecraft:furnace":1,"minecraft:stick":188,"minecraft:composter":7,"minecraft:torch":119,"minecraft:green_bed":2,"create:andesite_casing":11,"minecraft:spruce_stairs":2,"minecraft:porkchop":2,"mutantmonsters:mutant_skeleton_pelvis":3,"minecraft:blue_stained_glass":12,"minecraft:honey_bottle":32,"minecraft:rotten_flesh":82,"minecraft:polished_basalt":1,"supplementaries:ash":18,"mutantmonsters:mutant_skeleton_shoulder_pad":4,"minecraft:obsidian":11,"minecraft:iron_bars":54,"minecraft:cod":1,"minecraft:cobblestone":1859,"minecraft:birch_log":38,"framedblocks:framed_small_inner_corner_slope_panel":33,"minecraft:pink_petals":1,"minecraft:cooked_beef":21,"minecraft:water_bucket":1,"minecraft:andesite":1029,"projectvibrantjourneys:fallen_leaves":24,"minecraft:potato":4,"minecraft:flint":18,"minecraft:tuff":2,"minecraft:light_gray_dye":6,"supplementaries:flax_seeds":1,"projectvibrantjourneys:rocks":2,"minecraft:lapis_lazuli":32,"minecraft:dirt":5133,"minecraft:polished_granite":2,"create:mechanical_plough":1,"tacz:ammo_box":18,"minecraft:bone":83,"framedblocks:framed_slope":60,"minecraft:bow":4,"minecraft:wheat_seeds":270,"minecraft:raw_gold":6,"create:mechanical_drill":6,"mutantmonsters:mutant_skeleton_rib_cage":1,"minecraft:grindstone":1,"minecraft:glowstone_dust":63,"minecraft:bamboo":8,"create:super_glue":1,"minecraft:oak_planks":18,"minecraft:mossy_stone_brick_stairs":1,"create:cogwheel":2,"create:empty_blaze_burner":2,"minecraft:sand":133,"minecraft:granite_slab":48,"sophisticatedbackpacks:iron_backpack":2,"minecraft:ink_sac":3,"minecraft:iron_hoe":2,"minecraft:polished_andesite":24,"minecraft:sugar":16,"artifacts:golden_hook":1,"minecraft:diamond":33,"minecraft:granite":5,"minecraft:white_concrete":3379,"minecraft:emerald":6,"minecraft:bread":191,"alexsmobs:maggot":3,"minecraft:oak_sapling":119,"minecraft:netherrack":207,"minecraft:bricks":5,"minecraft:andesite_slab":4,"framedblocks:framed_stairs":120,"minecraft:diamond_pickaxe":9,"minecraft:crafting_table":5,"minecraft:azure_bluet":12,"minecraft:ladder":6,"minecraft:brown_mushroom":4,"minecraft:pink_wool":1,"minecraft:gold_block":2,"minecraft:cornflower":24,"minecraft:oak_trapdoor":21,"minecraft:red_bed":10,"minecraft:iron_axe":10,"minecraft:acacia_door":2,"minecraft:flint_and_steel":4,"tacz:ammo":120,"minecraft:birch_fence":88,"framedblocks:framed_cube":220,"minecraft:beef":47,"minecraft:oak_boat":7,"alexsmobs:elastic_tendon":1,"minecraft:iron_nugget":5,"minecraft:poppy":2,"minecraft:spruce_slab":1,"supplementaries:cage":44,"minecraft:chest":5,"minecraft:birch_sapling":6,"minecraft:raw_iron":112,"projectvibrantjourneys:bark_mushroom":4,"sophisticatedbackpacks:backpack":5,"pointblank:gunmetal_nugget":174,"minecraft:white_dye":2,"create:hand_crank":1,"minecraft:carrot":120,"minecraft:arrow":25,"minecraft:hay_block":61,"mutantmonsters:mutant_skeleton_rib":12,"minecraft:gold_ingot":80,"minecraft:brick_stairs":3,"minecraft:mutton":3,"minecraft:rail":2,"minecraft:white_wool":9,"minecraft:oxeye_daisy":16,"create:iron_sheet":3,"minecraft:basalt":2,"minecraft:leather":32,"minecraft:red_mushroom":2,"minecraft:birch_planks":156,"mutantmonsters:mutant_skeleton_chestplate":1,"minecraft:oak_log":408,"minecraft:lily_pad":3,"minecraft:yellow_bed":3,"minecraft:nether_wart_block":1,"minecraft:gunpowder":38,"create:blaze_burner":2,"alexsmobs:mosquito_proboscis":8,"mutantmonsters:mutant_skeleton_limb":15,"minecraft:apple":23,"minecraft:stone_bricks":2,"minecraft:iron_ingot":79,"artifacts:kitty_slippers":4,"projectvibrantjourneys:light_brown_bark_mushroom":4,"minecraft:oak_slab":3,"minecraft:smooth_basalt":2,"minecraft:dark_oak_slab":1,"minecraft:quartz":43,"minecraft:dandelion":13,"minecraft:gravel":842,"projectvibrantjourneys:bones":1,"minecraft:white_bed":11,"minecraft:spider_eye":5,"minecraft:diamond_shovel":3,"minecraft:slime_ball":1,"minecraft:white_concrete_powder":2008,"tacz:modern_kinetic_gun":8,"minecraft:iron_helmet":7,"minecraft:diamond_axe":2,"minecraft:terracotta":28,"projectvibrantjourneys:orange_bark_mushroom":2,"projectvibrantjourneys:twigs":1,"minecraft:dark_oak_wood":1,"minecraft:coal":107,"framedblocks:framed_hammer":4,"minecraft:ender_pearl":5},"minecraft:crafted":{"minecraft:brick":512,"mutantmonsters:mutant_skeleton_leggings":2,"minecraft:smooth_stone":456,"minecraft:oak_planks":816,"minecraft:oak_sign":3,"supplementaries:soap":6,"minecraft:stone":456,"minecraft:diamond_shovel":2,"sophisticatedbackpacks:crafting_upgrade":2,"minecraft:cooked_mutton":6,"minecraft:iron_bars":32,"mutantmonsters:mutant_skeleton_arms":2,"minecraft:glass":196,"minecraft:hopper":2,"minecraft:iron_boots":5,"minecraft:raw_copper":90,"mutantmonsters:mutant_skeleton_boots":1,"minecraft:chest":29,"mutantmonsters:mutant_skeleton_rib_cage":2,"minecraft:rail":32,"minecraft:bricks":128,"framedblocks:framed_stairs":76,"torchmaster:megatorch":1,"create:mechanical_plough":1,"minecraft:furnace_minecart":1,"minecraft:oak_slab":60,"sophisticatedbackpacks:backpack":4,"minecraft:emerald":72,"minecraft:cooked_porkchop":10,"minecraft:diamond_axe":2,"minecraft:crafting_table":4,"framedblocks:framed_slope":27,"minecraft:wooden_pickaxe":1,"minecraft:iron_helmet":6,"minecraft:brown_dye":4,"supplementaries:cage":16,"minecraft:copper_ingot":86,"minecraft:gold_block":4,"minecraft:birch_planks":112,"sophisticatedbackpacks:upgrade_base":2,"framedblocks:framed_slope_panel":24,"minecraft:iron_chestplate":4,"minecraft:diamond_pickaxe":8,"minecraft:charcoal":24,"minecraft:birch_fence":45,"minecraft:stick":300,"create:white_seat":1,"minecraft:iron_ingot":196,"minecraft:gold_ingot":27,"minecraft:composter":1,"minecraft:raw_iron":72,"minecraft:coal":578,"framedblocks:framed_vertical_stairs":8,"minecraft:iron_nugget":117,"framedblocks:framed_slab_edge":12,"minecraft:furnace":10,"minecraft:bone_meal":255,"minecraft:oak_trapdoor":4,"minecraft:flint_and_steel":1,"mutantmonsters:mutant_skeleton_chestplate":2,"minecraft:white_concrete_powder":1640,"minecraft:iron_axe":1,"framedblocks:framed_wall":18,"minecraft:iron_hoe":1,"minecraft:spruce_slab":6,"framedblocks:framed_corner_pillar":8,"minecraft:stone_pickaxe":2,"framedblocks:framed_hammer":1,"minecraft:minecart":1,"minecraft:wheat":315,"minecraft:cooked_beef":37,"create:andesite_alloy":30,"minecraft:diamond_sword":3,"better_mob_food:cooked_flesh":11,"minecraft:orange_dye":1,"minecraft:bread":545,"minecraft:air":0,"minecraft:oak_boat":3,"framedblocks:framed_cube":256,"minecraft:white_dye":186,"minecraft:raw_gold":18,"minecraft:gunpowder":24,"supplementaries:bubble_blower":3,"minecraft:wooden_axe":1,"framedblocks:framed_slab":6,"torchmaster:feral_flare_lantern":13,"minecraft:iron_leggings":6,"framedblocks:framed_small_inner_corner_slope_panel":8,"create:mechanical_drill":6,"minecraft:torch":48,"framedblocks:framed_threeway_corner_pillar":8},"minecraft:custom":{"minecraft:interact_with_crafting_table":129,"minecraft:open_barrel":32,"goblintraders:trade_with_goblin":183,"minecraft:leave_game":39,"minecraft:time_since_death":14263,"minecraft:sprint_one_cm":2874070,"minecraft:drop":381,"minecraft:talked_to_villager":34,"minecraft:play_time":1284649,"minecraft:deaths":27,"minecraft:jump":16822,"minecraft:walk_on_water_one_cm":120433,"minecraft:interact_with_furnace":169,"minecraft:traded_with_villager":70,"minecraft:sleep_in_bed":28,"minecraft:damage_dealt":19330,"minecraft:crouch_one_cm":31871,"minecraft:mob_kills":179,"minecraft:inspect_hopper":2,"minecraft:damage_dealt_resisted":3837,"minecraft:climb_one_cm":34216,"minecraft:walk_one_cm":2999513,"minecraft:sneak_time":22189,"minecraft:walk_under_water_one_cm":216936,"minecraft:boat_one_cm":168633,"minecraft:interact_with_blast_furnace":17,"minecraft:total_world_time":1284649,"minecraft:time_since_rest":14288,"minecraft:damage_taken":28946,"minecraft:swim_one_cm":351866,"minecraft:fly_one_cm":2739285,"minecraft:open_chest":780,"minecraft:fall_one_cm":445596},"minecraft:used":{"minecraft:spruce_slab":1,"minecraft:oak_sign":1,"minecraft:white_concrete_powder":235,"minecraft:chest":29,"minecraft:iron_sword":86,"minecraft:rotten_flesh":17,"minecraft:iron_chestplate":1,"minecraft:blue_stained_glass":14,"minecraft:carrot":42,"minecraft:furnace_minecart":1,"minecraft:obsidian":1,"framedblocks:framed_threeway_corner_pillar":8,"minecraft:iron_helmet":1,"minecraft:dark_oak_slab":1,"minecraft:stone_bricks":2,"minecraft:bow":6,"minecraft:oak_sapling":46,"minecraft:furnace":10,"minecraft:oak_planks":54,"minecraft:stone_pickaxe":219,"minecraft:ender_pearl":7,"minecraft:wooden_pickaxe":28,"minecraft:composter":8,"minecraft:diamond_axe":424,"framedblocks:framed_wall":6,"mutantmonsters:mutant_skeleton_skull":1,"minecraft:birch_fence":17,"framedblocks:framed_vertical_stairs":16,"sophisticatedbackpacks:backpack":1,"minecraft:acacia_door":2,"minecraft:bread":391,"minecraft:gravel":48,"create:white_seat":1,"minecraft:diamond_sword":175,"mutantmonsters:mutant_skeleton_boots":1,"minecraft:andesite":4,"minecraft:white_concrete":680,"minecraft:oak_boat":4,"minecraft:bone_meal":69,"minecraft:oak_trapdoor":4,"minecraft:flint_and_steel":24,"framedblocks:framed_stairs":32,"minecraft:spruce_planks":1,"minecraft:netherrack":112,"minecraft:stick":17,"minecraft:torch":99,"minecraft:dirt":605,"minecraft:spruce_stairs":2,"minecraft:iron_hoe":2,"minecraft:wooden_axe":67,"projectvibrantjourneys:fallen_leaves":2,"create:wrench":4,"minecraft:iron_axe":230,"minecraft:iron_boots":2,"better_mob_food:cooked_flesh":7,"torchmaster:feral_flare_lantern":11,"minecraft:golden_carrot":4,"minecraft:beef":5,"torchmaster:megatorch":1,"minecraft:cooked_beef":24,"minecraft:cobbled_deepslate":2,"minecraft:iron_leggings":2,"minecraft:cooked_mutton":6,"minecraft:water_bucket":12,"mutantmonsters:mutant_skeleton_leggings":1,"minecraft:polished_andesite":10,"minecraft:green_bed":2,"create:blaze_burner":1,"create:furnace_minecart_contraption":1,"minecraft:rail":2,"minecraft:terracotta":8,"minecraft:oak_slab":1,"minecraft:crafting_table":3,"minecraft:red_bed":2,"minecraft:white_bed":3,"minecraft:cod":1,"minecraft:oak_log":26,"minecraft:diamond_pickaxe":3033,"minecraft:apple":12,"supplementaries:cage":63,"minecraft:diamond_shovel":3838,"minecraft:iron_pickaxe":184,"minecraft:cobblestone":899,"minecraft:cooked_porkchop":10,"minecraft:bucket":12,"minecraft:yellow_bed":3,"minecraft:smooth_stone":167},"minecraft:killed_by":{"minecraft:zombified_piglin":1,"minecraft:zombie":3}},"DataVersion":3465}