{"stats":{"minecraft:custom":{"minecraft:jump":65,"minecraft:open_chest":29,"minecraft:time_since_rest":10035,"minecraft:crouch_one_cm":8612,"minecraft:sprint_one_cm":11866,"minecraft:play_time":10035,"minecraft:damage_taken":32,"minecraft:time_since_death":10035,"minecraft:walk_one_cm":6824,"minecraft:sneak_time":8091,"minecraft:total_world_time":10035,"minecraft:fall_one_cm":2206,"minecraft:fly_one_cm":12224,"minecraft:damage_dealt_resisted":30},"minecraft:used":{"minecraft:iron_chestplate":1,"minecraft:bow":1,"minecraft:iron_leggings":1}},"DataVersion":3465}