{"stats":{"minecraft:dropped":{"minecraft:wooden_sword":1,"minecraft:spider_eye":1},"minecraft:mined":{"projectvibrantjourneys:twigs":2,"minecraft:grass":5,"minecraft:oak_log":4,"projectvibrantjourneys:short_grass":4,"projectvibrantjourneys:mossy_rocks":1,"minecraft:tall_grass":2,"minecraft:oak_leaves":3},"minecraft:killed":{"minecraft:zombie":2},"minecraft:crafted":{"minecraft:wooden_sword":1,"minecraft:oak_planks":40,"minecraft:diamond_sword":1,"minecraft:diamond_pickaxe":1,"minecraft:crafting_table":2,"minecraft:stick":4,"minecraft:wooden_axe":1},"minecraft:picked_up":{"minecraft:stick":4,"minecraft:iron_chestplate":3,"minecraft:torch":21,"pointblank:gunmetal_nugget":6,"minecraft:oak_log":34,"minecraft:spider_eye":2,"alexsmobs:animal_dictionary":3,"minecraft:iron_leggings":3,"minecraft:rotten_flesh":2,"minecraft:apple":15,"minecraft:diamond":12,"minecraft:bow":3,"minecraft:wheat_seeds":1,"tacz:modern_kinetic_gun":3,"minecraft:oak_sapling":2},"minecraft:custom":{"minecraft:time_since_rest":9358,"minecraft:sprint_one_cm":61926,"minecraft:damage_taken":961,"minecraft:walk_one_cm":44599,"minecraft:mob_kills":2,"minecraft:drop":2,"minecraft:damage_dealt":761,"minecraft:talked_to_villager":1,"minecraft:interact_with_crafting_table":3,"minecraft:fly_one_cm":83638,"minecraft:open_chest":47,"minecraft:crouch_one_cm":8972,"minecraft:play_time":22035,"minecraft:deaths":3,"minecraft:sneak_time":8752,"minecraft:jump":373,"minecraft:damage_dealt_resisted":83,"minecraft:time_since_death":9333,"minecraft:total_world_time":22035,"minecraft:fall_one_cm":10022},"minecraft:used":{"minecraft:wooden_axe":7,"minecraft:apple":5,"minecraft:iron_chestplate":3,"minecraft:diamond_sword":22,"minecraft:wooden_sword":12,"minecraft:bow":5,"minecraft:crafting_table":2,"minecraft:oak_sapling":2,"minecraft:spider_eye":1,"minecraft:iron_leggings":3}},"DataVersion":3465}