{"stats":{"minecraft:broken":{"minecraft:iron_axe":2},"minecraft:dropped":{"minecraft:birch_planks":1,"minecraft:wheat_seeds":19,"minecraft:diamond":38,"minecraft:iron_helmet":1,"minecraft:granite":1,"projectvibrantjourneys:orange_bark_mushroom":4,"minecraft:flint":2,"minecraft:diorite":2,"minecraft:acacia_door":1,"minecraft:string":3,"minecraft:lily_pad":1,"projectvibrantjourneys:bark_mushroom":2,"minecraft:acacia_planks":3,"create:raw_zinc":5,"minecraft:bone":4,"alexsmobs:maggot":2,"minecraft:raw_iron":29,"minecraft:rotten_flesh":5,"psg:sulphur":29,"projectvibrantjourneys:light_brown_bark_mushroom":3,"minecraft:oak_sapling":4,"create:limestone":12,"minecraft:white_dye":2,"minecraft:arrow":1,"minecraft:beef":10,"minecraft:calcite":1},"minecraft:picked_up":{"minecraft:crafting_table":6,"minecraft:iron_chestplate":1,"minecraft:azure_bluet":2,"minecraft:brown_mushroom":1,"minecraft:diamond_sword":1,"minecraft:gilded_blackstone":2,"minecraft:brewing_stand":1,"minecraft:string":3,"minecraft:moss_carpet":1,"create:limestone":12,"minecraft:acacia_door":1,"minecraft:iron_leggings":1,"minecraft:cobbled_deepslate":244,"minecraft:spruce_planks":3,"minecraft:beef":37,"minecraft:calcite":1,"minecraft:lectern":1,"supplementaries:cage":4,"minecraft:chest":1,"minecraft:birch_sapling":10,"pointblank:workstation":1,"minecraft:furnace":1,"minecraft:iron_boots":1,"minecraft:stripped_crimson_hyphae":1,"minecraft:stick":86,"minecraft:raw_iron":81,"projectvibrantjourneys:bark_mushroom":11,"minecraft:torch":4,"minecraft:acacia_log":1,"pointblank:gunmetal_nugget":14,"psg:sulphur":65,"minecraft:diorite":2,"minecraft:prismarine_crystals":13,"minecraft:arrow":1,"minecraft:rotten_flesh":5,"k_turrets:raw_titanium":1,"minecraft:hay_block":17,"minecraft:obsidian":3,"minecraft:mutton":4,"minecraft:skeleton_skull":1,"minecraft:cobblestone":188,"minecraft:birch_log":109,"minecraft:pink_petals":5,"projectvibrantjourneys:fallen_leaves":4,"minecraft:leather":5,"alexsmobs:bear_fur":1,"alexsmobs:bison_fur":6,"projectvibrantjourneys:birch_hollow_log":1,"minecraft:flint":3,"minecraft:tuff":28,"create:raw_zinc":5,"minecraft:oak_log":489,"minecraft:lily_pad":1,"minecraft:dirt":180,"tacz:ammo_box":1,"minecraft:bone":6,"minecraft:apple":13,"minecraft:wheat_seeds":48,"minecraft:raw_gold":9,"minecraft:book":30,"projectvibrantjourneys:light_brown_bark_mushroom":13,"minecraft:red_wool":3,"minecraft:gravel":13,"minecraft:white_bed":1,"minecraft:crying_obsidian":1,"minecraft:diamond":19,"tacz:modern_kinetic_gun":1,"minecraft:iron_helmet":1,"minecraft:granite":1,"minecraft:bread":25,"minecraft:terracotta":3,"alexsmobs:maggot":2,"projectvibrantjourneys:orange_bark_mushroom":8,"minecraft:oak_sapling":114,"minecraft:black_wool":2,"minecraft:dark_oak_fence":1,"minecraft:coal":22,"minecraft:diamond_pickaxe":1,"minecraft:ender_pearl":1},"minecraft:mined":{"create:zinc_ore":5,"minecraft:crying_obsidian":1,"minecraft:tuff":28,"minecraft:spruce_planks":3,"minecraft:sea_lantern":5,"minecraft:brewing_stand":1,"projectvibrantjourneys:rocks":1,"psg:sulphur_ore":6,"minecraft:obsidian":3,"minecraft:granite":1,"minecraft:dark_oak_fence":1,"minecraft:stripped_crimson_hyphae":1,"minecraft:acacia_log":1,"minecraft:grass_block":108,"minecraft:white_concrete":2,"minecraft:hay_block":18,"minecraft:furnace":1,"minecraft:iron_ore":6,"minecraft:cobbled_deepslate":7,"projectvibrantjourneys:orange_bark_mushroom":1,"projectvibrantjourneys:bark_mushroom":1,"minecraft:bookshelf":10,"minecraft:deepslate_iron_ore":23,"minecraft:stone":183,"create:limestone":12,"projectvibrantjourneys:cattail":1,"minecraft:acacia_leaves":3,"minecraft:red_wool":3,"minecraft:polished_granite":1,"psg:deepslate_sulphur_ore":5,"minecraft:crafting_table":6,"projectvibrantjourneys:twigs":2,"minecraft:calcite":1,"minecraft:chest":1,"minecraft:lectern":1,"projectvibrantjourneys:natural_cobweb":2,"minecraft:tall_grass":13,"minecraft:cobblestone":4,"minecraft:deepslate_gold_ore":9,"minecraft:diorite":2,"supplementaries:cage":4,"minecraft:wall_torch":3,"minecraft:pink_petals":2,"minecraft:skeleton_skull":1,"projectvibrantjourneys:light_brown_bark_mushroom":1,"minecraft:birch_log":119,"k_turrets:deepslate_titanium_ore":1,"projectvibrantjourneys:bones":1,"minecraft:spruce_log":1,"minecraft:grass":45,"projectvibrantjourneys:birch_hollow_log":1,"minecraft:oak_log":520,"minecraft:coal_ore":2,"projectvibrantjourneys:short_grass":24,"minecraft:gravel":13,"minecraft:dirt":85,"pointblank:workstation":1,"minecraft:terracotta":3,"minecraft:oak_leaves":9,"minecraft:deepslate":241},"minecraft:custom":{"minecraft:mob_kills":28,"minecraft:interact_with_crafting_table":15,"minecraft:open_barrel":2,"minecraft:damage_dealt_resisted":224,"minecraft:leave_game":7,"minecraft:time_since_death":166985,"minecraft:climb_one_cm":278,"minecraft:sprint_one_cm":419635,"minecraft:walk_one_cm":411273,"minecraft:drop":59,"minecraft:talked_to_villager":7,"minecraft:play_time":166985,"minecraft:sneak_time":2897,"minecraft:walk_under_water_one_cm":20299,"minecraft:boat_one_cm":60617,"minecraft:jump":3227,"minecraft:interact_with_blast_furnace":4,"minecraft:walk_on_water_one_cm":38100,"minecraft:total_world_time":166985,"minecraft:interact_with_furnace":24,"minecraft:sleep_in_bed":5,"minecraft:time_since_rest":14040,"minecraft:damage_taken":4195,"minecraft:damage_dealt":6066,"minecraft:swim_one_cm":23443,"minecraft:fly_one_cm":656505,"minecraft:open_chest":128,"minecraft:crouch_one_cm":5616,"minecraft:fall_one_cm":67791},"minecraft:crafted":{"effortlessbuilding:golden_randomizer_bag":1,"minecraft:oak_planks":64,"minecraft:furnace":1,"minecraft:bone_meal":3,"minecraft:iron_axe":5,"minecraft:chest":1,"minecraft:wheat":153,"minecraft:cooked_beef":14,"sophisticatedbackpacks:backpack":2,"minecraft:crafting_table":3,"better_mob_food:cooked_flesh":1,"minecraft:birch_planks":2,"minecraft:bread":51,"minecraft:air":0,"minecraft:oak_boat":2,"minecraft:shield":1,"minecraft:white_dye":3,"minecraft:stick":44,"minecraft:iron_ingot":29,"minecraft:iron_shovel":2,"minecraft:acacia_planks":4,"minecraft:torch":92},"minecraft:used":{"minecraft:moss_carpet":1,"minecraft:iron_shovel":200,"minecraft:chest":1,"minecraft:iron_chestplate":1,"minecraft:torch":70,"minecraft:dirt":22,"projectvibrantjourneys:fallen_leaves":1,"minecraft:iron_axe":758,"minecraft:iron_helmet":1,"minecraft:iron_boots":1,"better_mob_food:cooked_flesh":1,"minecraft:bow":14,"minecraft:beef":5,"minecraft:furnace":1,"minecraft:cooked_beef":12,"minecraft:cobbled_deepslate":244,"minecraft:iron_leggings":1,"projectvibrantjourneys:light_brown_bark_mushroom":2,"minecraft:birch_planks":1,"minecraft:oak_planks":3,"minecraft:golden_hoe":18,"minecraft:crafting_table":8,"minecraft:white_bed":1,"minecraft:diamond_pickaxe":565,"supplementaries:cage":8,"minecraft:bread":86,"minecraft:diamond_sword":137,"minecraft:cobblestone":90,"minecraft:oak_boat":2,"alexsmobs:animal_dictionary":1},"minecraft:killed":{"minecraft:spider":2,"minecraft:skeleton":5,"alexsmobs:bison":4,"minecraft:sheep":2,"alexsmobs:gelada_monkey":3,"minecraft:zombie":6,"ecologics:squirrel":1,"alexsmobs:fly":1,"minecraft:cow":4}},"DataVersion":3465}