{"stats":{"minecraft:broken":{"minecraft:iron_axe":4},"minecraft:dropped":{"minecraft:birch_planks":1,"minecraft:wheat_seeds":19,"minecraft:oak_log":484,"minecraft:diamond":38,"minecraft:iron_helmet":1,"minecraft:granite":1,"projectvibrantjourneys:orange_bark_mushroom":5,"minecraft:flint":2,"tacz:ammo_box":2,"framedblocks:framed_stairs":1,"minecraft:diorite":2,"tacz:modern_kinetic_gun":1,"minecraft:acacia_door":1,"minecraft:string":3,"minecraft:birch_log":131,"minecraft:lily_pad":1,"projectvibrantjourneys:bark_mushroom":5,"minecraft:acacia_planks":3,"create:raw_zinc":5,"minecraft:bone":5,"minecraft:gold_ingot":29,"alexsmobs:maggot":2,"mutantmonsters:mutant_skeleton_pelvis":1,"minecraft:obsidian":40,"minecraft:raw_iron":29,"minecraft:rotten_flesh":13,"psg:sulphur":29,"supplementaries:cage":1,"projectvibrantjourneys:light_brown_bark_mushroom":3,"minecraft:oak_sapling":68,"create:limestone":12,"minecraft:spider_eye":1,"tacz:ammo":60,"minecraft:white_dye":2,"minecraft:arrow":1,"minecraft:beef":10,"minecraft:calcite":1,"minecraft:white_concrete_powder":596},"minecraft:killed_by":{"minecraft:zombie":1},"minecraft:picked_up":{"minecraft:iron_chestplate":3,"minecraft:crafting_table":6,"minecraft:azure_bluet":2,"minecraft:brown_mushroom":43,"minecraft:diamond_sword":3,"minecraft:gilded_blackstone":60,"minecraft:brewing_stand":1,"minecraft:shield":2,"minecraft:string":7,"minecraft:moss_carpet":1,"mutantmonsters:mutant_skeleton_skull":1,"create:limestone":12,"minecraft:acacia_door":1,"minecraft:iron_leggings":3,"tacz:ammo":240,"minecraft:iron_shovel":4,"minecraft:gold_nugget":19,"minecraft:cobbled_deepslate":248,"minecraft:spruce_planks":3,"minecraft:beef":37,"minecraft:calcite":1,"alexsmobs:raccoon_tail":1,"minecraft:lectern":1,"supplementaries:cage":18,"minecraft:chest":1,"minecraft:birch_sapling":19,"pointblank:workstation":1,"minecraft:iron_boots":3,"minecraft:furnace":2,"minecraft:stripped_crimson_hyphae":1,"minecraft:stick":176,"minecraft:raw_iron":82,"minecraft:sandstone":2,"projectvibrantjourneys:bark_mushroom":18,"minecraft:torch":4,"minecraft:bowl":4,"minecraft:acacia_log":1,"sophisticatedbackpacks:backpack":2,"pointblank:gunmetal_nugget":37,"psg:sulphur":65,"tacz:attachment":4,"minecraft:diorite":2,"minecraft:prismarine_crystals":13,"mutantmonsters:mutant_skeleton_pelvis":1,"minecraft:arrow":21,"minecraft:rotten_flesh":19,"k_turrets:raw_titanium":1,"minecraft:hay_block":17,"minecraft:obsidian":69,"minecraft:mutton":4,"minecraft:skeleton_skull":1,"minecraft:cobblestone":334,"minecraft:birch_log":360,"minecraft:pink_petals":5,"minecraft:water_bucket":3,"projectvibrantjourneys:fallen_leaves":4,"dweller_dweller:dweller_dweller_tooth":2,"minecraft:leather":5,"minecraft:red_mushroom":18,"alexsmobs:bear_fur":1,"alexsmobs:bison_fur":6,"projectvibrantjourneys:birch_hollow_log":1,"minecraft:oak_log":1461,"minecraft:flint":3,"mutantmonsters:mutant_skeleton_chestplate":1,"minecraft:tuff":28,"create:raw_zinc":5,"minecraft:lily_pad":1,"minecraft:gunpowder":4,"projectvibrantjourneys:rocks":1,"minecraft:dirt":180,"tacz:ammo_box":9,"minecraft:bone":8,"minecraft:apple":99,"minecraft:bow":2,"minecraft:wheat_seeds":52,"minecraft:raw_gold":9,"minecraft:iron_ingot":37,"minecraft:book":30,"projectvibrantjourneys:light_brown_bark_mushroom":23,"minecraft:red_wool":3,"minecraft:gravel":13,"minecraft:sand":1,"sophisticatedbackpacks:iron_backpack":1,"minecraft:white_bed":1,"mutantmonsters:mutant_skeleton_leggings":1,"minecraft:crying_obsidian":2,"minecraft:spider_eye":1,"minecraft:white_concrete_powder":640,"minecraft:diamond":19,"tacz:modern_kinetic_gun":4,"minecraft:iron_helmet":3,"minecraft:granite":1,"minecraft:diamond_axe":2,"mutantmonsters:mutant_skeleton_boots":1,"minecraft:white_concrete":1,"minecraft:bread":51,"minecraft:terracotta":3,"alexsmobs:maggot":2,"projectvibrantjourneys:orange_bark_mushroom":15,"minecraft:oak_sapling":348,"minecraft:netherrack":44,"minecraft:black_wool":2,"minecraft:dark_oak_fence":1,"minecraft:coal":63,"minecraft:diamond_pickaxe":3,"framedblocks:framed_stairs":3,"minecraft:ender_pearl":3},"minecraft:mined":{"create:zinc_ore":5,"minecraft:crying_obsidian":2,"minecraft:tuff":28,"minecraft:spruce_planks":3,"minecraft:sea_lantern":5,"projectvibrantjourneys:rocks":1,"minecraft:brewing_stand":1,"minecraft:obsidian":42,"psg:sulphur_ore":6,"minecraft:cave_vines_plant":1,"minecraft:dark_oak_fence":1,"minecraft:granite":1,"minecraft:stripped_crimson_hyphae":1,"minecraft:acacia_log":1,"minecraft:grass_block":108,"sophisticatedbackpacks:iron_backpack":1,"minecraft:white_concrete":2,"minecraft:red_mushroom":20,"minecraft:sandstone":2,"minecraft:gilded_blackstone":67,"minecraft:hay_block":18,"minecraft:furnace":1,"minecraft:iron_ore":6,"minecraft:fire":1,"minecraft:cobbled_deepslate":7,"projectvibrantjourneys:orange_bark_mushroom":1,"projectvibrantjourneys:bark_mushroom":1,"minecraft:bookshelf":10,"minecraft:cave_vines":1,"minecraft:deepslate_iron_ore":24,"minecraft:stone":214,"create:limestone":12,"projectvibrantjourneys:cattail":1,"minecraft:acacia_leaves":3,"minecraft:brown_mushroom":41,"minecraft:red_wool":3,"psg:deepslate_sulphur_ore":5,"minecraft:polished_granite":1,"minecraft:crafting_table":6,"projectvibrantjourneys:twigs":3,"minecraft:calcite":1,"framedblocks:framed_stairs":2,"minecraft:chest":1,"minecraft:lectern":1,"projectvibrantjourneys:natural_cobweb":2,"minecraft:tall_grass":13,"minecraft:cobblestone":9,"minecraft:deepslate_gold_ore":9,"minecraft:diorite":2,"minecraft:wall_torch":3,"supplementaries:cage":14,"minecraft:skeleton_skull":1,"minecraft:pink_petals":2,"projectvibrantjourneys:light_brown_bark_mushroom":1,"k_turrets:deepslate_titanium_ore":1,"minecraft:birch_log":176,"minecraft:spruce_log":1,"projectvibrantjourneys:bones":1,"minecraft:grass":57,"projectvibrantjourneys:birch_hollow_log":1,"minecraft:coal_ore":44,"minecraft:oak_log":1027,"projectvibrantjourneys:short_grass":42,"minecraft:sand":1,"minecraft:gravel":13,"minecraft:dirt":85,"pointblank:workstation":1,"minecraft:terracotta":3,"minecraft:netherrack":55,"projectvibrantjourneys:oak_hollow_log":1,"minecraft:oak_leaves":11,"minecraft:deepslate":242},"minecraft:custom":{"minecraft:mob_kills":40,"minecraft:inspect_hopper":1,"minecraft:interact_with_crafting_table":31,"minecraft:open_barrel":5,"goblintraders:trade_with_goblin":42,"minecraft:damage_dealt_resisted":434,"minecraft:leave_game":14,"minecraft:time_since_death":71622,"minecraft:climb_one_cm":337,"minecraft:sprint_one_cm":767553,"minecraft:walk_one_cm":667060,"minecraft:drop":126,"minecraft:talked_to_villager":7,"minecraft:play_time":281742,"minecraft:deaths":2,"minecraft:sneak_time":7444,"minecraft:walk_under_water_one_cm":32288,"minecraft:boat_one_cm":60617,"minecraft:jump":4664,"minecraft:interact_with_blast_furnace":8,"minecraft:walk_on_water_one_cm":90292,"minecraft:total_world_time":281742,"minecraft:interact_with_furnace":32,"minecraft:sleep_in_bed":7,"minecraft:time_since_rest":71899,"minecraft:damage_taken":6586,"minecraft:damage_dealt":6648,"minecraft:swim_one_cm":25431,"minecraft:fly_one_cm":984886,"minecraft:open_chest":358,"minecraft:crouch_one_cm":9790,"minecraft:fall_one_cm":112514},"minecraft:crafted":{"effortlessbuilding:golden_randomizer_bag":1,"minecraft:oak_planks":80,"minecraft:furnace":1,"minecraft:mushroom_stew":4,"minecraft:bone_meal":3,"minecraft:iron_boots":1,"minecraft:iron_axe":5,"minecraft:chest":3,"sophisticatedbackpacks:iron_backpack":1,"minecraft:wheat":153,"minecraft:cooked_beef":14,"sophisticatedbackpacks:backpack":2,"minecraft:diamond_axe":1,"minecraft:crafting_table":3,"tacz:ammo_box":1,"minecraft:iron_helmet":1,"better_mob_food:cooked_flesh":1,"minecraft:copper_ingot":70,"sophisticatedbackpacks:gold_backpack":1,"minecraft:birch_planks":2,"minecraft:bread":51,"minecraft:air":0,"minecraft:oak_boat":2,"minecraft:iron_chestplate":1,"minecraft:shield":1,"minecraft:white_dye":3,"minecraft:stick":48,"minecraft:iron_ingot":43,"minecraft:iron_shovel":4,"minecraft:iron_leggings":1,"minecraft:gold_ingot":9,"minecraft:torch":92,"minecraft:acacia_planks":4},"minecraft:used":{"minecraft:moss_carpet":1,"sophisticatedbackpacks:iron_backpack":1,"minecraft:iron_shovel":200,"minecraft:flint_and_steel":5,"framedblocks:framed_stairs":2,"minecraft:chest":3,"minecraft:torch":96,"minecraft:netherrack":40,"minecraft:iron_chestplate":1,"minecraft:dirt":22,"projectvibrantjourneys:fallen_leaves":1,"minecraft:iron_axe":1136,"minecraft:iron_helmet":1,"minecraft:iron_boots":1,"better_mob_food:cooked_flesh":1,"pointblank:workstation":1,"minecraft:bow":14,"minecraft:beef":5,"minecraft:furnace":1,"minecraft:cooked_beef":12,"minecraft:cobbled_deepslate":244,"minecraft:iron_leggings":1,"sophisticatedbackpacks:gold_backpack":3,"projectvibrantjourneys:light_brown_bark_mushroom":2,"minecraft:water_bucket":6,"minecraft:birch_planks":1,"minecraft:oak_planks":3,"effortlessbuilding:golden_randomizer_bag":8,"minecraft:sandstone":2,"minecraft:diamond_axe":277,"minecraft:gilded_blackstone":3,"minecraft:sand":1,"minecraft:golden_hoe":18,"minecraft:crafting_table":8,"minecraft:mushroom_stew":4,"minecraft:white_bed":1,"sophisticatedbackpacks:backpack":2,"minecraft:diamond_pickaxe":819,"minecraft:apple":12,"supplementaries:cage":31,"minecraft:bread":113,"minecraft:iron_pickaxe":2,"minecraft:diamond_sword":147,"minecraft:cobblestone":121,"minecraft:bucket":5,"minecraft:oak_boat":2,"alexsmobs:animal_dictionary":1},"minecraft:killed":{"alexsmobs:raccoon":1,"minecraft:spider":3,"minecraft:skeleton":7,"alexsmobs:bison":4,"minecraft:husk":2,"mutantmonsters:mutant_skeleton":1,"minecraft:creeper":1,"minecraft:sheep":2,"alexsmobs:gelada_monkey":3,"minecraft:zombie":10,"ecologics:squirrel":1,"alexsmobs:fly":1,"minecraft:cow":4}},"DataVersion":3465}